"location_set_version_id","location_set_id","location_id","parent_id","path_to_top_parent","level","is_estimate","most_detailed","sort_order","location_name","location_ascii_name","location_name_short","location_type_id","location_type","map_id","super_region_id","super_region_name","region_id","region_name","ihme_loc_id","local_id","developed","start_date","end_date","date_inserted","last_updated","last_updated_by","last_updated_action","lancet_label","who_label"
561,22,33,32,"1,31,32,33",3,1,1,4,"Armenia","Armenia","Armenia",2,"admin0","ARM",31,"Central Europe, Eastern Europe, and Central Asia",32,"Central Asia","ARM","ARM",0,"2019-10-22 14:05:01",NA,"2019-10-22 14:05:01","2019-10-22 14:05:01","cathc19","INSERT","Armenia","Republic of Armenia"
561,22,34,32,"1,31,32,34",3,1,1,5,"Azerbaijan","Azerbaijan","Azerbaijan",2,"admin0","AZE",31,"Central Europe, Eastern Europe, and Central Asia",32,"Central Asia","AZE","AZE",0,"2019-10-22 14:05:01",NA,"2019-10-22 14:05:01","2019-10-22 14:05:01","cathc19","INSERT","Azerbaijan","Republic of Azerbaijan"
561,22,35,32,"1,31,32,35",3,1,1,6,"Georgia","Georgia","Georgia",2,"admin0","GEO",31,"Central Europe, Eastern Europe, and Central Asia",32,"Central Asia","GEO","GEO",0,"2019-10-22 14:05:01",NA,"2019-10-22 14:05:01","2019-10-22 14:05:01","cathc19","INSERT","Georgia","Georgia"
561,22,36,32,"1,31,32,36",3,1,1,7,"Kazakhstan","Kazakhstan","Kazakhstan",2,"admin0","KAZ",31,"Central Europe, Eastern Europe, and Central Asia",32,"Central Asia","KAZ","KAZ",0,"2019-10-22 14:05:01",NA,"2019-10-22 14:05:01","2019-10-22 14:05:01","cathc19","INSERT","Kazakhstan","Republic of Kazakhstan"
561,22,37,32,"1,31,32,37",3,1,1,8,"Kyrgyzstan","Kyrgyzstan","Kyrgyzstan",2,"admin0","KGZ",31,"Central Europe, Eastern Europe, and Central Asia",32,"Central Asia","KGZ","KGZ",0,"2019-10-22 14:05:01",NA,"2019-10-22 14:05:01","2019-10-22 14:05:01","cathc19","INSERT","Kyrgyzstan","Kyrgyz Republic"
561,22,38,32,"1,31,32,38",3,1,1,9,"Mongolia","Mongolia","Mongolia",2,"admin0","MNG",31,"Central Europe, Eastern Europe, and Central Asia",32,"Central Asia","MNG","MNG",0,"2019-10-22 14:05:01",NA,"2019-10-22 14:05:01","2019-10-22 14:05:01","cathc19","INSERT","Mongolia","Mongolia"
561,22,39,32,"1,31,32,39",3,1,1,10,"Tajikistan","Tajikistan","Tajikistan",2,"admin0","TJK",31,"Central Europe, Eastern Europe, and Central Asia",32,"Central Asia","TJK","TJK",0,"2019-10-22 14:05:01",NA,"2019-10-22 14:05:01","2019-10-22 14:05:01","cathc19","INSERT","Tajikistan","Republic of Tajikistan"
561,22,40,32,"1,31,32,40",3,1,1,11,"Turkmenistan","Turkmenistan","Turkmenistan",2,"admin0","TKM",31,"Central Europe, Eastern Europe, and Central Asia",32,"Central Asia","TKM","TKM",0,"2019-10-22 14:05:01",NA,"2019-10-22 14:05:01","2019-10-22 14:05:01","cathc19","INSERT","Turkmenistan","Turkmenistan"
561,22,41,32,"1,31,32,41",3,1,1,12,"Uzbekistan","Uzbekistan","Uzbekistan",2,"admin0","UZB",31,"Central Europe, Eastern Europe, and Central Asia",32,"Central Asia","UZB","UZB",0,"2019-10-22 14:05:01",NA,"2019-10-22 14:05:01","2019-10-22 14:05:01","cathc19","INSERT","Uzbekistan","Republic of Uzbekistan"
561,22,43,42,"1,31,42,43",3,1,1,14,"Albania","Albania","Albania",2,"admin0","ALB",31,"Central Europe, Eastern Europe, and Central Asia",42,"Central Europe","ALB","ALB",1,"2019-10-22 14:05:01",NA,"2019-10-22 14:05:01","2019-10-22 14:05:01","cathc19","INSERT","Albania","Republic of Albania"
561,22,44,42,"1,31,42,44",3,1,1,15,"Bosnia and Herzegovina","Bosnia and Herzegovina","Bosnia and Herzegovina",2,"admin0","BIH",31,"Central Europe, Eastern Europe, and Central Asia",42,"Central Europe","BIH","BIH",1,"2019-10-22 14:05:01",NA,"2019-10-22 14:05:01","2019-10-22 14:05:01","cathc19","INSERT","Bosnia and Herzegovina","Bosnia and Herzegovina"
561,22,45,42,"1,31,42,45",3,1,1,16,"Bulgaria","Bulgaria","Bulgaria",2,"admin0","BGR",31,"Central Europe, Eastern Europe, and Central Asia",42,"Central Europe","BGR","BGR",1,"2019-10-22 14:05:01",NA,"2019-10-22 14:05:01","2019-10-22 14:05:01","cathc19","INSERT","Bulgaria","Republic of Bulgaria"
561,22,46,42,"1,31,42,46",3,1,1,17,"Croatia","Croatia","Croatia",2,"admin0","HRV",31,"Central Europe, Eastern Europe, and Central Asia",42,"Central Europe","HRV","HRV",1,"2019-10-22 14:05:01",NA,"2019-10-22 14:05:01","2019-10-22 14:05:01","cathc19","INSERT","Croatia","Republic of Croatia"
561,22,47,42,"1,31,42,47",3,1,1,18,"Czechia","Czechia","Czechia",2,"admin0","CZE",31,"Central Europe, Eastern Europe, and Central Asia",42,"Central Europe","CZE","CZE",1,"2019-10-22 14:05:01",NA,"2019-10-22 14:05:01","2019-10-22 14:05:01","cathc19","INSERT","Czech Republic","Czech Republic"
561,22,48,42,"1,31,42,48",3,1,1,19,"Hungary","Hungary","Hungary",2,"admin0","HUN",31,"Central Europe, Eastern Europe, and Central Asia",42,"Central Europe","HUN","HUN",1,"2019-10-22 14:05:01",NA,"2019-10-22 14:05:01","2019-10-22 14:05:01","cathc19","INSERT","Hungary","Hungary"
561,22,50,42,"1,31,42,50",3,1,1,20,"Montenegro","Montenegro","Montenegro",2,"admin0","MNE",31,"Central Europe, Eastern Europe, and Central Asia",42,"Central Europe","MNE","MNE",1,"2019-10-22 14:05:01",NA,"2019-10-22 14:05:01","2019-10-22 14:05:01","cathc19","INSERT","Montenegro","Montenegro"
561,22,49,42,"1,31,42,49",3,1,1,21,"North Macedonia","North Macedonia","North Macedonia",2,"admin0","MKD",31,"Central Europe, Eastern Europe, and Central Asia",42,"Central Europe","MKD","MKD",1,"2019-10-22 14:05:01",NA,"2019-10-22 14:05:01","2019-10-22 14:05:01","cathc19","INSERT","North Macedonia","North Macedonia"
561,22,51,42,"1,31,42,51",3,1,0,22,"Poland","Poland","Poland",2,"admin0","POL",31,"Central Europe, Eastern Europe, and Central Asia",42,"Central Europe","POL","POL",1,"2019-10-22 14:05:01",NA,"2019-10-22 14:05:01","2019-10-22 14:05:01","cathc19","INSERT","Poland","Republic of Poland"
561,22,52,42,"1,31,42,52",3,1,1,39,"Romania","Romania","Romania",2,"admin0","ROU",31,"Central Europe, Eastern Europe, and Central Asia",42,"Central Europe","ROU","ROU",1,"2019-10-22 14:05:01",NA,"2019-10-22 14:05:01","2019-10-22 14:05:01","cathc19","INSERT","Romania","Romania"
561,22,53,42,"1,31,42,53",3,1,1,40,"Serbia","Serbia","Serbia",2,"admin0","SRB",31,"Central Europe, Eastern Europe, and Central Asia",42,"Central Europe","SRB","SRB",1,"2019-10-22 14:05:01",NA,"2019-10-22 14:05:01","2019-10-22 14:05:01","cathc19","INSERT","Serbia","Republic of Serbia"
561,22,54,42,"1,31,42,54",3,1,1,41,"Slovakia","Slovakia","Slovakia",2,"admin0","SVK",31,"Central Europe, Eastern Europe, and Central Asia",42,"Central Europe","SVK","SVK",1,"2019-10-22 14:05:01",NA,"2019-10-22 14:05:01","2019-10-22 14:05:01","cathc19","INSERT","Slovakia","Slovak Republic"
561,22,55,42,"1,31,42,55",3,1,1,42,"Slovenia","Slovenia","Slovenia",2,"admin0","SVN",31,"Central Europe, Eastern Europe, and Central Asia",42,"Central Europe","SVN","SVN",1,"2019-10-22 14:05:01",NA,"2019-10-22 14:05:01","2019-10-22 14:05:01","cathc19","INSERT","Slovenia","Republic of Slovenia"
561,22,57,56,"1,31,56,57",3,1,1,44,"Belarus","Belarus","Belarus",2,"admin0","BLR",31,"Central Europe, Eastern Europe, and Central Asia",56,"Eastern Europe","BLR","BLR",1,"2019-10-22 14:05:01",NA,"2019-10-22 14:05:01","2019-10-22 14:05:01","cathc19","INSERT","Belarus","Republic of Belarus"
561,22,58,56,"1,31,56,58",3,1,1,45,"Estonia","Estonia","Estonia",2,"admin0","EST",31,"Central Europe, Eastern Europe, and Central Asia",56,"Eastern Europe","EST","EST",1,"2019-10-22 14:05:01",NA,"2019-10-22 14:05:01","2019-10-22 14:05:01","cathc19","INSERT","Estonia","Republic of Estonia"
561,22,59,56,"1,31,56,59",3,1,1,46,"Latvia","Latvia","Latvia",2,"admin0","LVA",31,"Central Europe, Eastern Europe, and Central Asia",56,"Eastern Europe","LVA","LVA",1,"2019-10-22 14:05:01",NA,"2019-10-22 14:05:01","2019-10-22 14:05:01","cathc19","INSERT","Latvia","Republic of Latvia"
561,22,60,56,"1,31,56,60",3,1,1,47,"Lithuania","Lithuania","Lithuania",2,"admin0","LTU",31,"Central Europe, Eastern Europe, and Central Asia",56,"Eastern Europe","LTU","LTU",1,"2019-10-22 14:05:01",NA,"2019-10-22 14:05:01","2019-10-22 14:05:01","cathc19","INSERT","Lithuania","Republic of Lithuania"
561,22,61,56,"1,31,56,61",3,1,1,48,"Republic of Moldova","Republic of Moldova","Republic of Moldova",2,"admin0","MDA",31,"Central Europe, Eastern Europe, and Central Asia",56,"Eastern Europe","MDA","MDA",1,"2019-10-22 14:05:01",NA,"2019-10-22 14:05:01","2019-10-22 14:05:01","cathc19","INSERT","Moldova","Republic of Moldova"
561,22,62,56,"1,31,56,62",3,1,0,49,"Russian Federation","Russian Federation","Russian Federation",2,"admin0","RUS",31,"Central Europe, Eastern Europe, and Central Asia",56,"Eastern Europe","RUS","RUS",1,"2019-10-22 14:05:01",NA,"2019-10-22 14:05:01","2019-10-22 14:05:01","cathc19","INSERT","Russia","Russian Federation"
561,22,63,56,"1,31,56,63",3,1,0,133,"Ukraine","Ukraine","Ukraine",2,"admin0","UKR",31,"Central Europe, Eastern Europe, and Central Asia",56,"Eastern Europe","UKR","UKR",1,"2019-10-22 14:05:01",NA,"2019-10-22 14:05:01","2019-10-22 14:05:01","cathc19","INSERT","Ukraine","Ukraine"
561,22,71,70,"1,64,70,71",3,1,1,139,"Australia","Australia","Australia",2,"admin0","AUS",64,"High-income",70,"Australasia","AUS","AUS",1,"2019-10-22 14:05:01",NA,"2019-10-22 14:05:01","2019-10-22 14:05:01","cathc19","INSERT","Australia","Australia"
561,22,72,70,"1,64,70,72",3,1,0,140,"New Zealand","New Zealand","New Zealand",2,"admin0","NZL",64,"High-income",70,"Australasia","NZL","NZL",1,"2019-10-22 14:05:01",NA,"2019-10-22 14:05:01","2019-10-22 14:05:01","cathc19","INSERT","New Zealand","New Zealand"
561,22,66,65,"1,64,65,66",3,1,1,144,"Brunei Darussalam","Brunei Darussalam","Brunei Darussalam",2,"admin0","BRN",64,"High-income",65,"High-income Asia Pacific","BRN","BRN",1,"2019-10-22 14:05:01",NA,"2019-10-22 14:05:01","2019-10-22 14:05:01","cathc19","INSERT","Brunei","Brunei Darussalam"
561,22,67,65,"1,64,65,67",3,1,0,145,"Japan","Japan","Japan",2,"admin0","JPN",64,"High-income",65,"High-income Asia Pacific","JPN","JPN",1,"2019-10-22 14:05:01",NA,"2019-10-22 14:05:01","2019-10-22 14:05:01","cathc19","INSERT","Japan","Japan"
561,22,68,65,"1,64,65,68",3,1,1,193,"Republic of Korea","Republic of Korea","Republic of Korea",2,"admin0","KOR",64,"High-income",65,"High-income Asia Pacific","KOR","KOR",1,"2019-10-22 14:05:01",NA,"2019-10-22 14:05:01","2019-10-22 14:05:01","cathc19","INSERT","South Korea","Republic of Korea"
561,22,69,65,"1,64,65,69",3,1,1,194,"Singapore","Singapore","Singapore",2,"admin0","SGP",64,"High-income",65,"High-income Asia Pacific","SGP","SGP",1,"2019-10-22 14:05:01",NA,"2019-10-22 14:05:01","2019-10-22 14:05:01","cathc19","INSERT","Singapore","Republic of Singapore"
561,22,101,100,"1,64,100,101",3,1,1,196,"Canada","Canada","Canada",2,"admin0","CAN",64,"High-income",100,"High-income North America","CAN","CAN",1,"2019-10-22 14:05:01",NA,"2019-10-22 14:05:01","2019-10-22 14:05:01","cathc19","INSERT","Canada","Canada"
561,22,349,100,"1,64,100,349",3,1,1,197,"Greenland","Greenland","Greenland",8,"nonsovereign","",64,"High-income",100,"High-income North America","GRL","GRL",1,"2019-10-22 14:05:01",NA,"2019-10-22 14:05:01","2019-10-22 14:05:01","cathc19","INSERT","Greenland","Greenland"
561,22,102,100,"1,64,100,102",3,1,0,198,"United States of America","United States of America","United States of America",2,"admin0","USA",64,"High-income",100,"High-income North America","USA","USA",1,"2019-10-22 14:05:01",NA,"2019-10-22 14:05:01","2019-10-22 14:05:01","cathc19","INSERT","USA","United States of America"
561,22,97,96,"1,64,96,97",3,1,1,251,"Argentina","Argentina","Argentina",2,"admin0","ARG",64,"High-income",96,"Southern Latin America","ARG","ARG",0,"2019-10-22 14:05:01",NA,"2019-10-22 14:05:01","2019-10-22 14:05:01","cathc19","INSERT","Argentina","Argentine Republic"
561,22,98,96,"1,64,96,98",3,1,1,252,"Chile","Chile","Chile",2,"admin0","CHL",64,"High-income",96,"Southern Latin America","CHL","CHL",0,"2019-10-22 14:05:01",NA,"2019-10-22 14:05:01","2019-10-22 14:05:01","cathc19","INSERT","Chile","Republic of Chile"
561,22,99,96,"1,64,96,99",3,1,1,253,"Uruguay","Uruguay","Uruguay",2,"admin0","URY",64,"High-income",96,"Southern Latin America","URY","URY",0,"2019-10-22 14:05:01",NA,"2019-10-22 14:05:01","2019-10-22 14:05:01","cathc19","INSERT","Uruguay","Eastern Republic of Uruguay"
561,22,74,73,"1,64,73,74",3,1,1,255,"Andorra","Andorra","Andorra",2,"admin0","AND",64,"High-income",73,"Western Europe","AND","AND",1,"2019-10-22 14:05:01",NA,"2019-10-22 14:05:01","2019-10-22 14:05:01","cathc19","INSERT","Andorra","Principality of Andorra"
561,22,75,73,"1,64,73,75",3,1,1,256,"Austria","Austria","Austria",2,"admin0","AUT",64,"High-income",73,"Western Europe","AUT","AUT",1,"2019-10-22 14:05:01",NA,"2019-10-22 14:05:01","2019-10-22 14:05:01","cathc19","INSERT","Austria","Republic of Austria"
561,22,76,73,"1,64,73,76",3,1,1,257,"Belgium","Belgium","Belgium",2,"admin0","BEL",64,"High-income",73,"Western Europe","BEL","BEL",1,"2019-10-22 14:05:01",NA,"2019-10-22 14:05:01","2019-10-22 14:05:01","cathc19","INSERT","Belgium","Kingdom of Belgium"
561,22,77,73,"1,64,73,77",3,1,1,258,"Cyprus","Cyprus","Cyprus",2,"admin0","CYP",64,"High-income",73,"Western Europe","CYP","CYP",1,"2019-10-22 14:05:01",NA,"2019-10-22 14:05:01","2019-10-22 14:05:01","cathc19","INSERT","Cyprus","Republic of Cyprus"
561,22,78,73,"1,64,73,78",3,1,1,259,"Denmark","Denmark","Denmark",2,"admin0","DNK",64,"High-income",73,"Western Europe","DNK","DNK",1,"2019-10-22 14:05:01",NA,"2019-10-22 14:05:01","2019-10-22 14:05:01","cathc19","INSERT","Denmark","Kingdom of Denmark"
561,22,79,73,"1,64,73,79",3,1,1,260,"Finland","Finland","Finland",2,"admin0","FIN",64,"High-income",73,"Western Europe","FIN","FIN",1,"2019-10-22 14:05:01",NA,"2019-10-22 14:05:01","2019-10-22 14:05:01","cathc19","INSERT","Finland","Republic of Finland"
561,22,80,73,"1,64,73,80",3,1,1,261,"France","France","France",2,"admin0","FRA",64,"High-income",73,"Western Europe","FRA","FRA",1,"2019-10-22 14:05:01",NA,"2019-10-22 14:05:01","2019-10-22 14:05:01","cathc19","INSERT","France","French Republic"
561,22,81,73,"1,64,73,81",3,1,1,262,"Germany","Germany","Germany",2,"admin0","DEU",64,"High-income",73,"Western Europe","DEU","DEU",1,"2019-10-22 14:05:01",NA,"2019-10-22 14:05:01","2019-10-22 14:05:01","cathc19","INSERT","Germany","Federal Republic of Germany"
561,22,82,73,"1,64,73,82",3,1,1,263,"Greece","Greece","Greece",2,"admin0","GRC",64,"High-income",73,"Western Europe","GRC","GRC",1,"2019-10-22 14:05:01",NA,"2019-10-22 14:05:01","2019-10-22 14:05:01","cathc19","INSERT","Greece","Hellenic Republic"
561,22,83,73,"1,64,73,83",3,1,1,264,"Iceland","Iceland","Iceland",2,"admin0","ISL",64,"High-income",73,"Western Europe","ISL","ISL",1,"2019-10-22 14:05:01",NA,"2019-10-22 14:05:01","2019-10-22 14:05:01","cathc19","INSERT","Iceland","Republic of Iceland"
561,22,84,73,"1,64,73,84",3,1,1,265,"Ireland","Ireland","Ireland",2,"admin0","IRL",64,"High-income",73,"Western Europe","IRL","IRL",1,"2019-10-22 14:05:01",NA,"2019-10-22 14:05:01","2019-10-22 14:05:01","cathc19","INSERT","Ireland","Ireland"
561,22,85,73,"1,64,73,85",3,1,1,266,"Israel","Israel","Israel",2,"admin0","ISR",64,"High-income",73,"Western Europe","ISR","ISR",1,"2019-10-22 14:05:01",NA,"2019-10-22 14:05:01","2019-10-22 14:05:01","cathc19","INSERT","Israel","State of Israel"
561,22,86,73,"1,64,73,86",3,1,0,267,"Italy","Italy","Italy",2,"admin0","ITA",64,"High-income",73,"Western Europe","ITA","ITA",1,"2019-10-22 14:05:01",NA,"2019-10-22 14:05:01","2019-10-22 14:05:01","cathc19","INSERT","Italy","Republic of Italy"
561,22,87,73,"1,64,73,87",3,1,1,289,"Luxembourg","Luxembourg","Luxembourg",2,"admin0","LUX",64,"High-income",73,"Western Europe","LUX","LUX",1,"2019-10-22 14:05:01",NA,"2019-10-22 14:05:01","2019-10-22 14:05:01","cathc19","INSERT","Luxembourg","Grand Duchy of Luxembourg"
561,22,88,73,"1,64,73,88",3,1,1,290,"Malta","Malta","Malta",2,"admin0","MLT",64,"High-income",73,"Western Europe","MLT","MLT",1,"2019-10-22 14:05:01",NA,"2019-10-22 14:05:01","2019-10-22 14:05:01","cathc19","INSERT","Malta","Republic of Malta"
561,22,367,73,"1,64,73,367",3,1,1,291,"Monaco","Monaco","Monaco",2,"admin0","",64,"High-income",73,"Western Europe","MCO","MCO",1,"2019-10-22 14:05:01",NA,"2019-10-22 14:05:01","2019-10-22 14:05:01","cathc19","INSERT","Monaco","Principality of Monaco"
561,22,89,73,"1,64,73,89",3,1,1,292,"Netherlands","Netherlands","Netherlands",2,"admin0","NLD",64,"High-income",73,"Western Europe","NLD","NLD",1,"2019-10-22 14:05:01",NA,"2019-10-22 14:05:01","2019-10-22 14:05:01","cathc19","INSERT","Netherlands","Kingdom of the Netherlands"
561,22,90,73,"1,64,73,90",3,1,0,293,"Norway","Norway","Norway",2,"admin0","NOR",64,"High-income",73,"Western Europe","NOR","NOR",1,"2019-10-22 14:05:01",NA,"2019-10-22 14:05:01","2019-10-22 14:05:01","cathc19","INSERT","Norway","Kingdom of Norway"
561,22,91,73,"1,64,73,91",3,1,1,305,"Portugal","Portugal","Portugal",2,"admin0","PRT",64,"High-income",73,"Western Europe","PRT","PRT",1,"2019-10-22 14:05:01",NA,"2019-10-22 14:05:01","2019-10-22 14:05:01","cathc19","INSERT","Portugal","Portuguese Republic"
561,22,396,73,"1,64,73,396",3,1,1,306,"San Marino","San Marino","San Marino",2,"admin0","",64,"High-income",73,"Western Europe","SMR","SMR",1,"2019-10-22 14:05:01",NA,"2019-10-22 14:05:01","2019-10-22 14:05:01","cathc19","INSERT","San Marino","Republic of San Marino"
561,22,92,73,"1,64,73,92",3,1,1,307,"Spain","Spain","Spain",2,"admin0","ESP",64,"High-income",73,"Western Europe","ESP","ESP",1,"2019-10-22 14:05:01",NA,"2019-10-22 14:05:01","2019-10-22 14:05:01","cathc19","INSERT","Spain","Kingdom of Spain"
561,22,93,73,"1,64,73,93",3,1,0,308,"Sweden","Sweden","Sweden",2,"admin0","SWE",64,"High-income",73,"Western Europe","SWE","SWE",1,"2019-10-22 14:05:01",NA,"2019-10-22 14:05:01","2019-10-22 14:05:01","cathc19","INSERT","Sweden","Kingdom of Sweden"
561,22,94,73,"1,64,73,94",3,1,1,311,"Switzerland","Switzerland","Switzerland",2,"admin0","CHE",64,"High-income",73,"Western Europe","CHE","CHE",1,"2019-10-22 14:05:01",NA,"2019-10-22 14:05:01","2019-10-22 14:05:01","cathc19","INSERT","Switzerland","Swiss Confederation"
561,22,95,73,"1,64,73,95",3,1,0,312,"United Kingdom","United Kingdom","United Kingdom",2,"admin0","GBR",64,"High-income",73,"Western Europe","GBR","GBR",1,"2019-10-22 14:05:01",NA,"2019-10-22 14:05:01","2019-10-22 14:05:01","cathc19","INSERT","UK","United Kingdom of Great Britain and Northern Ireland"
561,22,121,120,"1,103,120,121",3,1,1,478,"Bolivia (Plurinational State of)","Bolivia (Plurinational State of)","Bolivia (Plurinational Stat.",2,"admin0","BOL",103,"Latin America and Caribbean",120,"Andean Latin America","BOL","BOL",0,"2019-10-22 14:05:01",NA,"2019-10-22 14:05:01","2019-10-22 14:05:01","cathc19","INSERT","Bolivia","Plurinational State of Bolivia"
561,22,122,120,"1,103,120,122",3,1,1,479,"Ecuador","Ecuador","Ecuador",2,"admin0","ECU",103,"Latin America and Caribbean",120,"Andean Latin America","ECU","ECU",0,"2019-10-22 14:05:01",NA,"2019-10-22 14:05:01","2019-10-22 14:05:01","cathc19","INSERT","Ecuador","Republic of Ecuador"
561,22,123,120,"1,103,120,123",3,1,1,480,"Peru","Peru","Peru",2,"admin0","PER",103,"Latin America and Caribbean",120,"Andean Latin America","PER","PER",0,"2019-10-22 14:05:01",NA,"2019-10-22 14:05:01","2019-10-22 14:05:01","cathc19","INSERT","Peru","Republic of Peru"
561,22,105,104,"1,103,104,105",3,1,1,482,"Antigua and Barbuda","Antigua and Barbuda","Antigua and Barbuda",2,"admin0","ATG",103,"Latin America and Caribbean",104,"Caribbean","ATG","ATG",0,"2019-10-22 14:05:01",NA,"2019-10-22 14:05:01","2019-10-22 14:05:01","cathc19","INSERT","Antigua and Barbuda","Antigua and Barbuda"
561,22,106,104,"1,103,104,106",3,1,1,483,"Bahamas","Bahamas","Bahamas",2,"admin0","BHS",103,"Latin America and Caribbean",104,"Caribbean","BHS","BHS",0,"2019-10-22 14:05:01",NA,"2019-10-22 14:05:01","2019-10-22 14:05:01","cathc19","INSERT","The Bahamas","Commonwealth of the Bahamas"
561,22,107,104,"1,103,104,107",3,1,1,484,"Barbados","Barbados","Barbados",2,"admin0","BRB",103,"Latin America and Caribbean",104,"Caribbean","BRB","BRB",0,"2019-10-22 14:05:01",NA,"2019-10-22 14:05:01","2019-10-22 14:05:01","cathc19","INSERT","Barbados","Barbados"
561,22,108,104,"1,103,104,108",3,1,1,485,"Belize","Belize","Belize",2,"admin0","BLZ",103,"Latin America and Caribbean",104,"Caribbean","BLZ","BLZ",0,"2019-10-22 14:05:01",NA,"2019-10-22 14:05:01","2019-10-22 14:05:01","cathc19","INSERT","Belize","Belize"
561,22,305,104,"1,103,104,305",3,1,1,486,"Bermuda","Bermuda","Bermuda",8,"nonsovereign","",103,"Latin America and Caribbean",104,"Caribbean","BMU","BMU",0,"2019-10-22 14:05:01",NA,"2019-10-22 14:05:01","2019-10-22 14:05:01","cathc19","INSERT","Bermuda","Bermuda"
561,22,109,104,"1,103,104,109",3,1,1,487,"Cuba","Cuba","Cuba",2,"admin0","CUB",103,"Latin America and Caribbean",104,"Caribbean","CUB","CUB",0,"2019-10-22 14:05:01",NA,"2019-10-22 14:05:01","2019-10-22 14:05:01","cathc19","INSERT","Cuba","Republic of Cuba"
561,22,110,104,"1,103,104,110",3,1,1,488,"Dominica","Dominica","Dominica",2,"admin0","DMA",103,"Latin America and Caribbean",104,"Caribbean","DMA","DMA",0,"2019-10-22 14:05:01",NA,"2019-10-22 14:05:01","2019-10-22 14:05:01","cathc19","INSERT","Dominica","Commonwealth of Dominica"
561,22,111,104,"1,103,104,111",3,1,1,489,"Dominican Republic","Dominican Republic","Dominican Republic",2,"admin0","DOM",103,"Latin America and Caribbean",104,"Caribbean","DOM","DOM",0,"2019-10-22 14:05:01",NA,"2019-10-22 14:05:01","2019-10-22 14:05:01","cathc19","INSERT","Dominican Republic","Dominican Republic"
561,22,112,104,"1,103,104,112",3,1,1,490,"Grenada","Grenada","Grenada",2,"admin0","GRD",103,"Latin America and Caribbean",104,"Caribbean","GRD","GRD",0,"2019-10-22 14:05:01",NA,"2019-10-22 14:05:01","2019-10-22 14:05:01","cathc19","INSERT","Grenada","Grenada"
561,22,113,104,"1,103,104,113",3,1,1,491,"Guyana","Guyana","Guyana",2,"admin0","GUY",103,"Latin America and Caribbean",104,"Caribbean","GUY","GUY",0,"2019-10-22 14:05:01",NA,"2019-10-22 14:05:01","2019-10-22 14:05:01","cathc19","INSERT","Guyana","Republic of Guyana"
561,22,114,104,"1,103,104,114",3,1,1,492,"Haiti","Haiti","Haiti",2,"admin0","HTI",103,"Latin America and Caribbean",104,"Caribbean","HTI","HTI",0,"2019-10-22 14:05:01",NA,"2019-10-22 14:05:01","2019-10-22 14:05:01","cathc19","INSERT","Haiti","Republic of Haiti"
561,22,115,104,"1,103,104,115",3,1,1,493,"Jamaica","Jamaica","Jamaica",2,"admin0","JAM",103,"Latin America and Caribbean",104,"Caribbean","JAM","JAM",0,"2019-10-22 14:05:01",NA,"2019-10-22 14:05:01","2019-10-22 14:05:01","cathc19","INSERT","Jamaica","Jamaica"
561,22,385,104,"1,103,104,385",3,1,1,494,"Puerto Rico","Puerto Rico","Puerto Rico",8,"nonsovereign","",103,"Latin America and Caribbean",104,"Caribbean","PRI","PRI",1,"2019-10-22 14:05:01",NA,"2019-10-22 14:05:01","2019-10-22 14:05:01","cathc19","INSERT","Puerto Rico","Puerto Rico"
561,22,393,104,"1,103,104,393",3,1,1,495,"Saint Kitts and Nevis","Saint Kitts and Nevis","Saint Kitts and Nevis",2,"admin0","",103,"Latin America and Caribbean",104,"Caribbean","KNA","KNA",0,"2019-10-22 14:05:01",NA,"2019-10-22 14:05:01","2019-10-22 14:05:01","cathc19","INSERT","Saint Kitts and Nevis","Saint Kitts and Nevis"
561,22,116,104,"1,103,104,116",3,1,1,496,"Saint Lucia","Saint Lucia","Saint Lucia",2,"admin0","LCA",103,"Latin America and Caribbean",104,"Caribbean","LCA","LCA",0,"2019-10-22 14:05:01",NA,"2019-10-22 14:05:01","2019-10-22 14:05:01","cathc19","INSERT","Saint Lucia","Saint Lucia"
561,22,117,104,"1,103,104,117",3,1,1,497,"Saint Vincent and the Grenadines","Saint Vincent and the Grenadines","Saint Vincent and the Grena.",2,"admin0","VCT",103,"Latin America and Caribbean",104,"Caribbean","VCT","VCT",0,"2019-10-22 14:05:01",NA,"2019-10-22 14:05:01","2019-10-22 14:05:01","cathc19","INSERT","Saint Vincent and the Grenadines","Saint Vincent and the Grenadines"
561,22,118,104,"1,103,104,118",3,1,1,498,"Suriname","Suriname","Suriname",2,"admin0","SUR",103,"Latin America and Caribbean",104,"Caribbean","SUR","SUR",0,"2019-10-22 14:05:01",NA,"2019-10-22 14:05:01","2019-10-22 14:05:01","cathc19","INSERT","Suriname","Republic of Suriname"
561,22,119,104,"1,103,104,119",3,1,1,499,"Trinidad and Tobago","Trinidad and Tobago","Trinidad and Tobago",2,"admin0","TTO",103,"Latin America and Caribbean",104,"Caribbean","TTO","TTO",0,"2019-10-22 14:05:01",NA,"2019-10-22 14:05:01","2019-10-22 14:05:01","cathc19","INSERT","Trinidad and Tobago","Republic of Trinidad and Tobago"
561,22,422,104,"1,103,104,422",3,1,1,500,"United States Virgin Islands","United States Virgin Islands","Virgin Isl US",8,"nonsovereign","",103,"Latin America and Caribbean",104,"Caribbean","VIR","VIR",0,"2019-10-22 14:05:01",NA,"2019-10-22 14:05:01","2019-10-22 14:05:01","cathc19","INSERT","Virgin Islands","United States Virgin Islands"
561,22,125,124,"1,103,124,125",3,1,1,502,"Colombia","Colombia","Colombia",2,"admin0","COL",103,"Latin America and Caribbean",124,"Central Latin America","COL","COL",0,"2019-10-22 14:05:01",NA,"2019-10-22 14:05:01","2019-10-22 14:05:01","cathc19","INSERT","Colombia","Republic of Colombia"
561,22,126,124,"1,103,124,126",3,1,1,503,"Costa Rica","Costa Rica","Costa Rica",2,"admin0","CRI",103,"Latin America and Caribbean",124,"Central Latin America","CRI","CRI",0,"2019-10-22 14:05:01",NA,"2019-10-22 14:05:01","2019-10-22 14:05:01","cathc19","INSERT","Costa Rica","Republic of Costa Rica"
561,22,127,124,"1,103,124,127",3,1,1,504,"El Salvador","El Salvador","El Salvador",2,"admin0","SLV",103,"Latin America and Caribbean",124,"Central Latin America","SLV","SLV",0,"2019-10-22 14:05:01",NA,"2019-10-22 14:05:01","2019-10-22 14:05:01","cathc19","INSERT","El Salvador","Republic of El Salvador"
561,22,128,124,"1,103,124,128",3,1,1,505,"Guatemala","Guatemala","Guatemala",2,"admin0","GTM",103,"Latin America and Caribbean",124,"Central Latin America","GTM","GTM",0,"2019-10-22 14:05:01",NA,"2019-10-22 14:05:01","2019-10-22 14:05:01","cathc19","INSERT","Guatemala","Republic of Guatemala"
561,22,129,124,"1,103,124,129",3,1,1,506,"Honduras","Honduras","Honduras",2,"admin0","HND",103,"Latin America and Caribbean",124,"Central Latin America","HND","HND",0,"2019-10-22 14:05:01",NA,"2019-10-22 14:05:01","2019-10-22 14:05:01","cathc19","INSERT","Honduras","Republic of Honduras"
561,22,130,124,"1,103,124,130",3,1,0,507,"Mexico","Mexico","Mexico",2,"admin0","MEX",103,"Latin America and Caribbean",124,"Central Latin America","MEX","MEX",0,"2019-10-22 14:05:01",NA,"2019-10-22 14:05:01","2019-10-22 14:05:01","cathc19","INSERT","Mexico","United Mexican States"
561,22,131,124,"1,103,124,131",3,1,1,540,"Nicaragua","Nicaragua","Nicaragua",2,"admin0","NIC",103,"Latin America and Caribbean",124,"Central Latin America","NIC","NIC",0,"2019-10-22 14:05:01",NA,"2019-10-22 14:05:01","2019-10-22 14:05:01","cathc19","INSERT","Nicaragua","Republic of Nicaragua"
561,22,132,124,"1,103,124,132",3,1,1,541,"Panama","Panama","Panama",2,"admin0","PAN",103,"Latin America and Caribbean",124,"Central Latin America","PAN","PAN",0,"2019-10-22 14:05:01",NA,"2019-10-22 14:05:01","2019-10-22 14:05:01","cathc19","INSERT","Panama","Republic of Panama"
561,22,133,124,"1,103,124,133",3,1,1,542,"Venezuela (Bolivarian Republic of)","Venezuela (Bolivarian Republic of)","Venezuela (Bolivarian Repub.",2,"admin0","VEN",103,"Latin America and Caribbean",124,"Central Latin America","VEN","VEN",0,"2019-10-22 14:05:01",NA,"2019-10-22 14:05:01","2019-10-22 14:05:01","cathc19","INSERT","Venezuela","Bolivarian Republic of Venezuela"
561,22,135,134,"1,103,134,135",3,1,0,544,"Brazil","Brazil","Brazil",2,"admin0","BRA",103,"Latin America and Caribbean",134,"Tropical Latin America","BRA","BRA",0,"2019-10-22 14:05:01",NA,"2019-10-22 14:05:01","2019-10-22 14:05:01","cathc19","INSERT","Brazil","Federative Republic of Brazil"
561,22,136,134,"1,103,134,136",3,1,1,572,"Paraguay","Paraguay","Paraguay",2,"admin0","PRY",103,"Latin America and Caribbean",134,"Tropical Latin America","PRY","PRY",0,"2019-10-22 14:05:01",NA,"2019-10-22 14:05:01","2019-10-22 14:05:01","cathc19","INSERT","Paraguay","Republic of Paraguay"
561,22,160,138,"1,137,138,160",3,1,1,575,"Afghanistan","Afghanistan","Afghanistan",2,"admin0","AFG",137,"North Africa and Middle East",138,"North Africa and Middle East","AFG","AFG",0,"2019-10-22 14:05:01",NA,"2019-10-22 14:05:01","2019-10-22 14:05:01","cathc19","INSERT","Afghanistan","Islamic Republic of Afghanistan"
561,22,139,138,"1,137,138,139",3,1,1,576,"Algeria","Algeria","Algeria",2,"admin0","DZA",137,"North Africa and Middle East",138,"North Africa and Middle East","DZA","DZA",0,"2019-10-22 14:05:01",NA,"2019-10-22 14:05:01","2019-10-22 14:05:01","cathc19","INSERT","Algeria","People’s Democratic Republic of Algeria"
561,22,140,138,"1,137,138,140",3,1,1,577,"Bahrain","Bahrain","Bahrain",2,"admin0","BHR",137,"North Africa and Middle East",138,"North Africa and Middle East","BHR","BHR",0,"2019-10-22 14:05:01",NA,"2019-10-22 14:05:01","2019-10-22 14:05:01","cathc19","INSERT","Bahrain","Kingdom of Bahrain"
561,22,141,138,"1,137,138,141",3,1,1,578,"Egypt","Egypt","Egypt",2,"admin0","EGY",137,"North Africa and Middle East",138,"North Africa and Middle East","EGY","EGY",0,"2019-10-22 14:05:01",NA,"2019-10-22 14:05:01","2019-10-22 14:05:01","cathc19","INSERT","Egypt","Arab Republic of Egypt"
561,22,142,138,"1,137,138,142",3,1,0,579,"Iran (Islamic Republic of)","Iran (Islamic Republic of)","Iran (Islamic Republic of)",2,"admin0","IRN",137,"North Africa and Middle East",138,"North Africa and Middle East","IRN","IRN",0,"2019-10-22 14:05:01",NA,"2019-10-22 14:05:01","2019-10-22 14:05:01","cathc19","INSERT","Iran","Islamic Republic of Iran"
561,22,143,138,"1,137,138,143",3,1,1,611,"Iraq","Iraq","Iraq",2,"admin0","IRQ",137,"North Africa and Middle East",138,"North Africa and Middle East","IRQ","IRQ",0,"2019-10-22 14:05:01",NA,"2019-10-22 14:05:01","2019-10-22 14:05:01","cathc19","INSERT","Iraq","Republic of Iraq"
561,22,144,138,"1,137,138,144",3,1,1,612,"Jordan","Jordan","Jordan",2,"admin0","JOR",137,"North Africa and Middle East",138,"North Africa and Middle East","JOR","JOR",0,"2019-10-22 14:05:01",NA,"2019-10-22 14:05:01","2019-10-22 14:05:01","cathc19","INSERT","Jordan","Hashemite Kingdom of Jordan"
561,22,145,138,"1,137,138,145",3,1,1,613,"Kuwait","Kuwait","Kuwait",2,"admin0","KWT",137,"North Africa and Middle East",138,"North Africa and Middle East","KWT","KWT",0,"2019-10-22 14:05:01",NA,"2019-10-22 14:05:01","2019-10-22 14:05:01","cathc19","INSERT","Kuwait","State of Kuwait"
561,22,146,138,"1,137,138,146",3,1,1,614,"Lebanon","Lebanon","Lebanon",2,"admin0","LBN",137,"North Africa and Middle East",138,"North Africa and Middle East","LBN","LBN",0,"2019-10-22 14:05:01",NA,"2019-10-22 14:05:01","2019-10-22 14:05:01","cathc19","INSERT","Lebanon","Lebanese Republic"
561,22,147,138,"1,137,138,147",3,1,1,615,"Libya","Libya","Libya",2,"admin0","LBY",137,"North Africa and Middle East",138,"North Africa and Middle East","LBY","LBY",0,"2019-10-22 14:05:01",NA,"2019-10-22 14:05:01","2019-10-22 14:05:01","cathc19","INSERT","Libya","State of Libya"
561,22,148,138,"1,137,138,148",3,1,1,616,"Morocco","Morocco","Morocco",2,"admin0","MAR",137,"North Africa and Middle East",138,"North Africa and Middle East","MAR","MAR",0,"2019-10-22 14:05:01",NA,"2019-10-22 14:05:01","2019-10-22 14:05:01","cathc19","INSERT","Morocco","Kingdom of Morocco"
561,22,150,138,"1,137,138,150",3,1,1,617,"Oman","Oman","Oman",2,"admin0","OMN",137,"North Africa and Middle East",138,"North Africa and Middle East","OMN","OMN",0,"2019-10-22 14:05:01",NA,"2019-10-22 14:05:01","2019-10-22 14:05:01","cathc19","INSERT","Oman","Sultanate of Oman"
561,22,149,138,"1,137,138,149",3,1,1,618,"Palestine","Palestine","Palestine",2,"admin0","PSE",137,"North Africa and Middle East",138,"North Africa and Middle East","PSE","PSE",0,"2019-10-22 14:05:01",NA,"2019-10-22 14:05:01","2019-10-22 14:05:01","cathc19","INSERT","Palestine","Palestine"
561,22,151,138,"1,137,138,151",3,1,1,619,"Qatar","Qatar","Qatar",2,"admin0","QAT",137,"North Africa and Middle East",138,"North Africa and Middle East","QAT","QAT",0,"2019-10-22 14:05:01",NA,"2019-10-22 14:05:01","2019-10-22 14:05:01","cathc19","INSERT","Qatar","State of Qatar"
561,22,152,138,"1,137,138,152",3,1,1,620,"Saudi Arabia","Saudi Arabia","Saudi Arabia",2,"admin0","SAU",137,"North Africa and Middle East",138,"North Africa and Middle East","SAU","SAU",0,"2019-10-22 14:05:01",NA,"2019-10-22 14:05:01","2019-10-22 14:05:01","cathc19","INSERT","Saudi Arabia","Kingdom of Saudi Arabia"
561,22,522,138,"1,137,138,522",3,1,1,621,"Sudan","Sudan","Sudan",2,"admin0","",137,"North Africa and Middle East",138,"North Africa and Middle East","SDN","SDN",0,"2019-10-22 14:05:01",NA,"2019-10-22 14:05:01","2019-10-22 14:05:01","cathc19","INSERT","Sudan","Republic of Sudan"
561,22,153,138,"1,137,138,153",3,1,1,622,"Syrian Arab Republic","Syrian Arab Republic","Syrian Arab Republic",2,"admin0","SYR",137,"North Africa and Middle East",138,"North Africa and Middle East","SYR","SYR",0,"2019-10-22 14:05:01",NA,"2019-10-22 14:05:01","2019-10-22 14:05:01","cathc19","INSERT","Syria","Syrian Arab Republic"
561,22,154,138,"1,137,138,154",3,1,1,623,"Tunisia","Tunisia","Tunisia",2,"admin0","TUN",137,"North Africa and Middle East",138,"North Africa and Middle East","TUN","TUN",0,"2019-10-22 14:05:01",NA,"2019-10-22 14:05:01","2019-10-22 14:05:01","cathc19","INSERT","Tunisia","Republic of Tunisia"
561,22,155,138,"1,137,138,155",3,1,1,624,"Turkey","Turkey","Turkey",2,"admin0","TUR",137,"North Africa and Middle East",138,"North Africa and Middle East","TUR","TUR",0,"2019-10-22 14:05:01",NA,"2019-10-22 14:05:01","2019-10-22 14:05:01","cathc19","INSERT","Turkey","Republic of Turkey"
561,22,156,138,"1,137,138,156",3,1,1,625,"United Arab Emirates","United Arab Emirates","United Arab Emirates",2,"admin0","ARE",137,"North Africa and Middle East",138,"North Africa and Middle East","ARE","ARE",0,"2019-10-22 14:05:01",NA,"2019-10-22 14:05:01","2019-10-22 14:05:01","cathc19","INSERT","United Arab Emirates","United Arab Emirates"
561,22,157,138,"1,137,138,157",3,1,1,626,"Yemen","Yemen","Yemen",2,"admin0","YEM",137,"North Africa and Middle East",138,"North Africa and Middle East","YEM","YEM",0,"2019-10-22 14:05:01",NA,"2019-10-22 14:05:01","2019-10-22 14:05:01","cathc19","INSERT","Yemen","Republic of Yemen"
561,22,161,159,"1,158,159,161",3,1,1,629,"Bangladesh","Bangladesh","Bangladesh",2,"admin0","BGD",158,"South Asia",159,"South Asia","BGD","BGD",0,"2019-10-22 14:05:01",NA,"2019-10-22 14:05:01","2019-10-22 14:05:01","cathc19","INSERT","Bangladesh","People’s Republic of Bangladesh"
561,22,162,159,"1,158,159,162",3,1,1,630,"Bhutan","Bhutan","Bhutan",2,"admin0","BTN",158,"South Asia",159,"South Asia","BTN","BTN",0,"2019-10-22 14:05:01",NA,"2019-10-22 14:05:01","2019-10-22 14:05:01","cathc19","INSERT","Bhutan","Kingdom of Bhutan"
561,22,163,159,"1,158,159,163",3,1,0,631,"India","India","India",2,"admin0","IND",158,"South Asia",159,"South Asia","IND","IND",0,"2019-10-22 14:05:01",NA,"2019-10-22 14:05:01","2019-10-22 14:05:01","cathc19","INSERT","India","Republic of India"
561,22,164,159,"1,158,159,164",3,1,1,725,"Nepal","Nepal","Nepal",2,"admin0","NPL",158,"South Asia",159,"South Asia","NPL","NPL",0,"2019-10-22 14:05:01",NA,"2019-10-22 14:05:01","2019-10-22 14:05:01","cathc19","INSERT","Nepal","Federal Democratic Republic of Nepal"
561,22,165,159,"1,158,159,165",3,1,0,726,"Pakistan","Pakistan","Pakistan",2,"admin0","PAK",158,"South Asia",159,"South Asia","PAK","PAK",0,"2019-10-22 14:05:01",NA,"2019-10-22 14:05:01","2019-10-22 14:05:01","cathc19","INSERT","Pakistan","Islamic Republic of Pakistan"
561,22,6,5,"1,4,5,6",3,1,0,736,"China","China","China",2,"admin0","CHN",4,"Southeast Asia, East Asia, and Oceania",5,"East Asia","CHN","CHN",0,"2019-10-22 14:05:01",NA,"2019-10-22 14:05:01","2019-10-22 14:05:01","cathc19","INSERT","China","People’s Republic of China"
561,22,7,5,"1,4,5,7",3,1,1,771,"Democratic People's Republic of Korea","Democratic People's Republic of Korea","Korea (Democratic People's.",2,"admin0","PRK",4,"Southeast Asia, East Asia, and Oceania",5,"East Asia","PRK","PRK",0,"2019-10-22 14:05:01",NA,"2019-10-22 14:05:01","2019-10-22 14:05:01","cathc19","INSERT","North Korea","Democratic People's Republic of Korea"
561,22,8,5,"1,4,5,8",3,1,1,772,"Taiwan (Province of China)","Taiwan (Province of China)","Taiwan (Province of China)",2,"admin0","71000000",4,"Southeast Asia, East Asia, and Oceania",5,"East Asia","TWN","TWN",0,"2019-10-22 14:05:01",NA,"2019-10-22 14:05:01","2019-10-22 14:05:01","cathc19","INSERT","Taiwan (province of China)","Taiwan (Province of China)"
561,22,298,21,"1,4,21,298",3,1,1,774,"American Samoa","American Samoa","Am Somoa",8,"nonsovereign","",4,"Southeast Asia, East Asia, and Oceania",21,"Oceania","ASM","ASM",0,"2019-10-22 14:05:01",NA,"2019-10-22 14:05:01","2019-10-22 14:05:01","cathc19","INSERT","American Samoa","American Samoa"
561,22,320,21,"1,4,21,320",3,1,1,775,"Cook Islands","Cook Islands","Cook Islands",8,"nonsovereign","",4,"Southeast Asia, East Asia, and Oceania",21,"Oceania","COK","COK",0,"2019-10-22 14:05:01",NA,"2019-10-22 14:05:01","2019-10-22 14:05:01","cathc19","INSERT","Cook Islands","Cook Islands"
561,22,22,21,"1,4,21,22",3,1,1,776,"Fiji","Fiji","Fiji",2,"admin0","FJI",4,"Southeast Asia, East Asia, and Oceania",21,"Oceania","FJI","FJI",0,"2019-10-22 14:05:01",NA,"2019-10-22 14:05:01","2019-10-22 14:05:01","cathc19","INSERT","Fiji","Republic of Fiji"
561,22,351,21,"1,4,21,351",3,1,1,777,"Guam","Guam","Guam",8,"nonsovereign","",4,"Southeast Asia, East Asia, and Oceania",21,"Oceania","GUM","GUM",0,"2019-10-22 14:05:01",NA,"2019-10-22 14:05:01","2019-10-22 14:05:01","cathc19","INSERT","Guam","Guam"
561,22,23,21,"1,4,21,23",3,1,1,778,"Kiribati","Kiribati","Kiribati",2,"admin0","KIR",4,"Southeast Asia, East Asia, and Oceania",21,"Oceania","KIR","KIR",0,"2019-10-22 14:05:01",NA,"2019-10-22 14:05:01","2019-10-22 14:05:01","cathc19","INSERT","Kiribati","Republic of Kiribati"
561,22,24,21,"1,4,21,24",3,1,1,779,"Marshall Islands","Marshall Islands","Marshall Islands",2,"admin0","MHL",4,"Southeast Asia, East Asia, and Oceania",21,"Oceania","MHL","MHL",0,"2019-10-22 14:05:01",NA,"2019-10-22 14:05:01","2019-10-22 14:05:01","cathc19","INSERT","Marshall Islands","Republic of the Marshall Islands"
561,22,25,21,"1,4,21,25",3,1,1,780,"Micronesia (Federated States of)","Micronesia (Federated States of)","Micronesia (Federated State.",2,"admin0","FSM",4,"Southeast Asia, East Asia, and Oceania",21,"Oceania","FSM","FSM",0,"2019-10-22 14:05:01",NA,"2019-10-22 14:05:01","2019-10-22 14:05:01","cathc19","INSERT","Federated States of Micronesia","Federated States of Micronesia"
561,22,369,21,"1,4,21,369",3,1,1,781,"Nauru","Nauru","Nauru",2,"admin0","",4,"Southeast Asia, East Asia, and Oceania",21,"Oceania","NRU","NRU",0,"2019-10-22 14:05:01",NA,"2019-10-22 14:05:01","2019-10-22 14:05:01","cathc19","INSERT","Nauru","Republic of Nauru"
561,22,374,21,"1,4,21,374",3,1,1,782,"Niue","Niue","Niue",8,"nonsovereign","",4,"Southeast Asia, East Asia, and Oceania",21,"Oceania","NIU","NIU",0,"2019-10-22 14:05:01",NA,"2019-10-22 14:05:01","2019-10-22 14:05:01","cathc19","INSERT","Niue","Republic of Niue"
561,22,376,21,"1,4,21,376",3,1,1,783,"Northern Mariana Islands","Northern Mariana Islands","N Mariana",8,"nonsovereign","",4,"Southeast Asia, East Asia, and Oceania",21,"Oceania","MNP","MNP",0,"2019-10-22 14:05:01",NA,"2019-10-22 14:05:01","2019-10-22 14:05:01","cathc19","INSERT","Northern Mariana Islands","Northern Mariana Islands"
561,22,380,21,"1,4,21,380",3,1,1,784,"Palau","Palau","Palau",2,"admin0","",4,"Southeast Asia, East Asia, and Oceania",21,"Oceania","PLW","PLW",0,"2019-10-22 14:05:01",NA,"2019-10-22 14:05:01","2019-10-22 14:05:01","cathc19","INSERT","Palau","Republic of Palau"
561,22,26,21,"1,4,21,26",3,1,1,785,"Papua New Guinea","Papua New Guinea","Papua New Guinea",2,"admin0","PNG",4,"Southeast Asia, East Asia, and Oceania",21,"Oceania","PNG","PNG",0,"2019-10-22 14:05:01",NA,"2019-10-22 14:05:01","2019-10-22 14:05:01","cathc19","INSERT","Papua New Guinea","Independent State of Papua New Guinea"
561,22,27,21,"1,4,21,27",3,1,1,786,"Samoa","Samoa","Samoa",2,"admin0","WSM",4,"Southeast Asia, East Asia, and Oceania",21,"Oceania","WSM","WSM",0,"2019-10-22 14:05:01",NA,"2019-10-22 14:05:01","2019-10-22 14:05:01","cathc19","INSERT","Samoa","Independent State of Samoa"
561,22,28,21,"1,4,21,28",3,1,1,787,"Solomon Islands","Solomon Islands","Solomon Islands",2,"admin0","SLB",4,"Southeast Asia, East Asia, and Oceania",21,"Oceania","SLB","SLB",0,"2019-10-22 14:05:01",NA,"2019-10-22 14:05:01","2019-10-22 14:05:01","cathc19","INSERT","Solomon Islands","Solomon Islands"
561,22,413,21,"1,4,21,413",3,1,1,788,"Tokelau","Tokelau","Tokelau",8,"nonsovereign","",4,"Southeast Asia, East Asia, and Oceania",21,"Oceania","TKL","TKL",0,"2019-10-22 14:05:01",NA,"2019-10-22 14:05:01","2019-10-22 14:05:01","cathc19","INSERT","Tokelau","Tokelau"
561,22,29,21,"1,4,21,29",3,1,1,789,"Tonga","Tonga","Tonga",2,"admin0","TON",4,"Southeast Asia, East Asia, and Oceania",21,"Oceania","TON","TON",0,"2019-10-22 14:05:01",NA,"2019-10-22 14:05:01","2019-10-22 14:05:01","cathc19","INSERT","Tonga","Kingdom of Tonga"
561,22,416,21,"1,4,21,416",3,1,1,790,"Tuvalu","Tuvalu","Tuvalu",2,"admin0","",4,"Southeast Asia, East Asia, and Oceania",21,"Oceania","TUV","TUV",0,"2019-10-22 14:05:01",NA,"2019-10-22 14:05:01","2019-10-22 14:05:01","cathc19","INSERT","Tuvalu","Tuvalu"
561,22,30,21,"1,4,21,30",3,1,1,791,"Vanuatu","Vanuatu","Vanuatu",2,"admin0","VUT",4,"Southeast Asia, East Asia, and Oceania",21,"Oceania","VUT","VUT",0,"2019-10-22 14:05:01",NA,"2019-10-22 14:05:01","2019-10-22 14:05:01","cathc19","INSERT","Vanuatu","Republic of Vanuatu"
561,22,10,9,"1,4,9,10",3,1,1,793,"Cambodia","Cambodia","Cambodia",2,"admin0","KHM",4,"Southeast Asia, East Asia, and Oceania",9,"Southeast Asia","KHM","KHM",0,"2019-10-22 14:05:01",NA,"2019-10-22 14:05:01","2019-10-22 14:05:01","cathc19","INSERT","Cambodia","Kingdom of Cambodia"
561,22,11,9,"1,4,9,11",3,1,0,794,"Indonesia","Indonesia","Indonesia",2,"admin0","IDN",4,"Southeast Asia, East Asia, and Oceania",9,"Southeast Asia","IDN","IDN",0,"2019-10-22 14:05:01",NA,"2019-10-22 14:05:01","2019-10-22 14:05:01","cathc19","INSERT","Indonesia","Republic of Indonesia"
561,22,12,9,"1,4,9,12",3,1,1,829,"Lao People's Democratic Republic","Lao People's Democratic Republic","Lao People's Democratic Rep.",2,"admin0","LAO",4,"Southeast Asia, East Asia, and Oceania",9,"Southeast Asia","LAO","LAO",0,"2019-10-22 14:05:01",NA,"2019-10-22 14:05:01","2019-10-22 14:05:01","cathc19","INSERT","Laos","Lao People's Democratic Republic"
561,22,13,9,"1,4,9,13",3,1,1,830,"Malaysia","Malaysia","Malaysia",2,"admin0","MYS",4,"Southeast Asia, East Asia, and Oceania",9,"Southeast Asia","MYS","MYS",0,"2019-10-22 14:05:01",NA,"2019-10-22 14:05:01","2019-10-22 14:05:01","cathc19","INSERT","Malaysia","Malaysia"
561,22,14,9,"1,4,9,14",3,1,1,831,"Maldives","Maldives","Maldives",2,"admin0","MDV",4,"Southeast Asia, East Asia, and Oceania",9,"Southeast Asia","MDV","MDV",0,"2019-10-22 14:05:01",NA,"2019-10-22 14:05:01","2019-10-22 14:05:01","cathc19","INSERT","Maldives","Republic of Maldives"
561,22,183,9,"1,4,9,183",3,1,1,832,"Mauritius","Mauritius","Mauritius",2,"admin0","MUS",4,"Southeast Asia, East Asia, and Oceania",9,"Southeast Asia","MUS","MUS",0,"2019-10-22 14:05:01",NA,"2019-10-22 14:05:01","2019-10-22 14:05:01","cathc19","INSERT","Mauritius","Republic of Mauritius"
561,22,15,9,"1,4,9,15",3,1,1,833,"Myanmar","Myanmar","Myanmar",2,"admin0","MMR",4,"Southeast Asia, East Asia, and Oceania",9,"Southeast Asia","MMR","MMR",0,"2019-10-22 14:05:01",NA,"2019-10-22 14:05:01","2019-10-22 14:05:01","cathc19","INSERT","Myanmar","Republic of the Union of Myanmar"
561,22,16,9,"1,4,9,16",3,1,0,834,"Philippines","Philippines","Philippines",2,"admin0","PHL",4,"Southeast Asia, East Asia, and Oceania",9,"Southeast Asia","PHL","PHL",0,"2019-10-22 14:05:01",NA,"2019-10-22 14:05:01","2019-10-22 14:05:01","cathc19","INSERT","Philippines","Republic of the Philippines"
561,22,186,9,"1,4,9,186",3,1,1,917,"Seychelles","Seychelles","Seychelles",2,"admin0","SYC",4,"Southeast Asia, East Asia, and Oceania",9,"Southeast Asia","SYC","SYC",0,"2019-10-22 14:05:01",NA,"2019-10-22 14:05:01","2019-10-22 14:05:01","cathc19","INSERT","Seychelles","Republic of Seychelles"
561,22,17,9,"1,4,9,17",3,1,1,918,"Sri Lanka","Sri Lanka","Sri Lanka",2,"admin0","LKA",4,"Southeast Asia, East Asia, and Oceania",9,"Southeast Asia","LKA","LKA",0,"2019-10-22 14:05:01",NA,"2019-10-22 14:05:01","2019-10-22 14:05:01","cathc19","INSERT","Sri Lanka","Democratic Socialist Republic of Sri Lanka"
561,22,18,9,"1,4,9,18",3,1,1,919,"Thailand","Thailand","Thailand",2,"admin0","THA",4,"Southeast Asia, East Asia, and Oceania",9,"Southeast Asia","THA","THA",0,"2019-10-22 14:05:01",NA,"2019-10-22 14:05:01","2019-10-22 14:05:01","cathc19","INSERT","Thailand","Kingdom of Thailand"
561,22,19,9,"1,4,9,19",3,1,1,920,"Timor-Leste","Timor-Leste","Timor-Leste",2,"admin0","TLS",4,"Southeast Asia, East Asia, and Oceania",9,"Southeast Asia","TLS","TLS",0,"2019-10-22 14:05:01",NA,"2019-10-22 14:05:01","2019-10-22 14:05:01","cathc19","INSERT","Timor-Leste","Democratic Republic of Timor-Leste"
561,22,20,9,"1,4,9,20",3,1,1,921,"Viet Nam","Viet Nam","Viet Nam",2,"admin0","VNM",4,"Southeast Asia, East Asia, and Oceania",9,"Southeast Asia","VNM","VNM",0,"2019-10-22 14:05:01",NA,"2019-10-22 14:05:01","2019-10-22 14:05:01","cathc19","INSERT","Vietnam","Socialist Republic of Viet Nam"
561,22,168,167,"1,166,167,168",3,1,1,924,"Angola","Angola","Angola",2,"admin0","AGO",166,"Sub-Saharan Africa",167,"Central Sub-Saharan Africa","AGO","AGO",0,"2019-10-22 14:05:01",NA,"2019-10-22 14:05:01","2019-10-22 14:05:01","cathc19","INSERT","Angola","Republic of Angola"
561,22,169,167,"1,166,167,169",3,1,1,925,"Central African Republic","Central African Republic","Central African Republic",2,"admin0","CAF",166,"Sub-Saharan Africa",167,"Central Sub-Saharan Africa","CAF","CAF",0,"2019-10-22 14:05:01",NA,"2019-10-22 14:05:01","2019-10-22 14:05:01","cathc19","INSERT","Central African Republic","Central African Republic"
561,22,170,167,"1,166,167,170",3,1,1,926,"Congo","Congo","Congo",2,"admin0","COG",166,"Sub-Saharan Africa",167,"Central Sub-Saharan Africa","COG","COG",0,"2019-10-22 14:05:01",NA,"2019-10-22 14:05:01","2019-10-22 14:05:01","cathc19","INSERT","Congo (Brazzaville)","Republic of the Congo"
561,22,171,167,"1,166,167,171",3,1,1,927,"Democratic Republic of the Congo","Democratic Republic of the Congo","Congo (Democratic Republic.",2,"admin0","COD",166,"Sub-Saharan Africa",167,"Central Sub-Saharan Africa","COD","COD",0,"2019-10-22 14:05:01",NA,"2019-10-22 14:05:01","2019-10-22 14:05:01","cathc19","INSERT","DR Congo","Democratic Republic of the Congo"
561,22,172,167,"1,166,167,172",3,1,1,928,"Equatorial Guinea","Equatorial Guinea","Equatorial Guinea",2,"admin0","GNQ",166,"Sub-Saharan Africa",167,"Central Sub-Saharan Africa","GNQ","GNQ",0,"2019-10-22 14:05:01",NA,"2019-10-22 14:05:01","2019-10-22 14:05:01","cathc19","INSERT","Equatorial Guinea","Republic of Equatorial Guinea"
561,22,173,167,"1,166,167,173",3,1,1,929,"Gabon","Gabon","Gabon",2,"admin0","GAB",166,"Sub-Saharan Africa",167,"Central Sub-Saharan Africa","GAB","GAB",0,"2019-10-22 14:05:01",NA,"2019-10-22 14:05:01","2019-10-22 14:05:01","cathc19","INSERT","Gabon","Gabonese Republic"
561,22,175,174,"1,166,174,175",3,1,1,931,"Burundi","Burundi","Burundi",2,"admin0","BDI",166,"Sub-Saharan Africa",174,"Eastern Sub-Saharan Africa","BDI","BDI",0,"2019-10-22 14:05:01",NA,"2019-10-22 14:05:01","2019-10-22 14:05:01","cathc19","INSERT","Burundi","Republic of Burundi"
561,22,176,174,"1,166,174,176",3,1,1,932,"Comoros","Comoros","Comoros",2,"admin0","COM",166,"Sub-Saharan Africa",174,"Eastern Sub-Saharan Africa","COM","COM",0,"2019-10-22 14:05:01",NA,"2019-10-22 14:05:01","2019-10-22 14:05:01","cathc19","INSERT","Comoros","Union of the Comoros"
561,22,177,174,"1,166,174,177",3,1,1,933,"Djibouti","Djibouti","Djibouti",2,"admin0","DJI",166,"Sub-Saharan Africa",174,"Eastern Sub-Saharan Africa","DJI","DJI",0,"2019-10-22 14:05:01",NA,"2019-10-22 14:05:01","2019-10-22 14:05:01","cathc19","INSERT","Djibouti","Republic of Djibouti"
561,22,178,174,"1,166,174,178",3,1,1,934,"Eritrea","Eritrea","Eritrea",2,"admin0","ERI",166,"Sub-Saharan Africa",174,"Eastern Sub-Saharan Africa","ERI","ERI",0,"2019-10-22 14:05:01",NA,"2019-10-22 14:05:01","2019-10-22 14:05:01","cathc19","INSERT","Eritrea","State of Eritrea"
561,22,179,174,"1,166,174,179",3,1,0,935,"Ethiopia","Ethiopia","Ethiopia",2,"admin0","ETH",166,"Sub-Saharan Africa",174,"Eastern Sub-Saharan Africa","ETH","ETH",0,"2019-10-22 14:05:01",NA,"2019-10-22 14:05:01","2019-10-22 14:05:01","cathc19","INSERT","Ethiopia","Federal Democratic Republic of Ethiopia"
561,22,180,174,"1,166,174,180",3,1,0,947,"Kenya","Kenya","Kenya",2,"admin0","KEN",166,"Sub-Saharan Africa",174,"Eastern Sub-Saharan Africa","KEN","KEN",0,"2019-10-22 14:05:01",NA,"2019-10-22 14:05:01","2019-10-22 14:05:01","cathc19","INSERT","Kenya","Republic of Kenya"
561,22,181,174,"1,166,174,181",3,1,1,1003,"Madagascar","Madagascar","Madagascar",2,"admin0","MDG",166,"Sub-Saharan Africa",174,"Eastern Sub-Saharan Africa","MDG","MDG",0,"2019-10-22 14:05:01",NA,"2019-10-22 14:05:01","2019-10-22 14:05:01","cathc19","INSERT","Madagascar","Republic of Madagascar"
561,22,182,174,"1,166,174,182",3,1,1,1004,"Malawi","Malawi","Malawi",2,"admin0","MWI",166,"Sub-Saharan Africa",174,"Eastern Sub-Saharan Africa","MWI","MWI",0,"2019-10-22 14:05:01",NA,"2019-10-22 14:05:01","2019-10-22 14:05:01","cathc19","INSERT","Malawi","Republic of Malawi"
561,22,184,174,"1,166,174,184",3,1,1,1005,"Mozambique","Mozambique","Mozambique",2,"admin0","MOZ",166,"Sub-Saharan Africa",174,"Eastern Sub-Saharan Africa","MOZ","MOZ",0,"2019-10-22 14:05:01",NA,"2019-10-22 14:05:01","2019-10-22 14:05:01","cathc19","INSERT","Mozambique","Republic of Mozambique"
561,22,185,174,"1,166,174,185",3,1,1,1006,"Rwanda","Rwanda","Rwanda",2,"admin0","RWA",166,"Sub-Saharan Africa",174,"Eastern Sub-Saharan Africa","RWA","RWA",0,"2019-10-22 14:05:01",NA,"2019-10-22 14:05:01","2019-10-22 14:05:01","cathc19","INSERT","Rwanda","Republic of Rwanda"
561,22,187,174,"1,166,174,187",3,1,1,1007,"Somalia","Somalia","Somalia",2,"admin0","SOM",166,"Sub-Saharan Africa",174,"Eastern Sub-Saharan Africa","SOM","SOM",0,"2019-10-22 14:05:01",NA,"2019-10-22 14:05:01","2019-10-22 14:05:01","cathc19","INSERT","Somalia","Federal Republic of Somalia"
561,22,435,174,"1,166,174,435",3,1,1,1008,"South Sudan","South Sudan","South Sudan",2,"admin0","",166,"Sub-Saharan Africa",174,"Eastern Sub-Saharan Africa","SSD","SSD",0,"2019-10-22 14:05:01",NA,"2019-10-22 14:05:01","2019-10-22 14:05:01","cathc19","INSERT","South Sudan","Republic of South Sudan"
561,22,190,174,"1,166,174,190",3,1,1,1009,"Uganda","Uganda","Uganda",2,"admin0","UGA",166,"Sub-Saharan Africa",174,"Eastern Sub-Saharan Africa","UGA","UGA",0,"2019-10-22 14:05:01",NA,"2019-10-22 14:05:01","2019-10-22 14:05:01","cathc19","INSERT","Uganda","Republic of Uganda"
561,22,189,174,"1,166,174,189",3,1,1,1010,"United Republic of Tanzania","United Republic of Tanzania","United Republic of Tanzania",2,"admin0","TZA",166,"Sub-Saharan Africa",174,"Eastern Sub-Saharan Africa","TZA","TZA",0,"2019-10-22 14:05:01",NA,"2019-10-22 14:05:01","2019-10-22 14:05:01","cathc19","INSERT","Tanzania","United Republic of Tanzania"
561,22,191,174,"1,166,174,191",3,1,1,1011,"Zambia","Zambia","Zambia",2,"admin0","ZMB",166,"Sub-Saharan Africa",174,"Eastern Sub-Saharan Africa","ZMB","ZMB",0,"2019-10-22 14:05:01",NA,"2019-10-22 14:05:01","2019-10-22 14:05:01","cathc19","INSERT","Zambia","Republic of Zambia"
561,22,193,192,"1,166,192,193",3,1,1,1013,"Botswana","Botswana","Botswana",2,"admin0","BWA",166,"Sub-Saharan Africa",192,"Southern Sub-Saharan Africa","BWA","BWA",0,"2019-10-22 14:05:01",NA,"2019-10-22 14:05:01","2019-10-22 14:05:01","cathc19","INSERT","Botswana","Republic of Botswana"
561,22,197,192,"1,166,192,197",3,1,1,1014,"Eswatini","Eswatini","Eswatini",2,"admin0","SWZ",166,"Sub-Saharan Africa",192,"Southern Sub-Saharan Africa","SWZ","SWZ",0,"2019-10-22 14:05:01",NA,"2019-10-22 14:05:01","2019-10-22 14:05:01","cathc19","INSERT","eSwatini","Kingdom of Eswatini"
561,22,194,192,"1,166,192,194",3,1,1,1015,"Lesotho","Lesotho","Lesotho",2,"admin0","LSO",166,"Sub-Saharan Africa",192,"Southern Sub-Saharan Africa","LSO","LSO",0,"2019-10-22 14:05:01",NA,"2019-10-22 14:05:01","2019-10-22 14:05:01","cathc19","INSERT","Lesotho","Kingdom of Lesotho"
561,22,195,192,"1,166,192,195",3,1,1,1016,"Namibia","Namibia","Namibia",2,"admin0","NAM",166,"Sub-Saharan Africa",192,"Southern Sub-Saharan Africa","NAM","NAM",0,"2019-10-22 14:05:01",NA,"2019-10-22 14:05:01","2019-10-22 14:05:01","cathc19","INSERT","Namibia","Republic of Namibia"
561,22,196,192,"1,166,192,196",3,1,0,1017,"South Africa","South Africa","South Africa",2,"admin0","ZAF",166,"Sub-Saharan Africa",192,"Southern Sub-Saharan Africa","ZAF","ZAF",0,"2019-10-22 14:05:01",NA,"2019-10-22 14:05:01","2019-10-22 14:05:01","cathc19","INSERT","South Africa","Republic of South Africa"
561,22,198,192,"1,166,192,198",3,1,1,1027,"Zimbabwe","Zimbabwe","Zimbabwe",2,"admin0","ZWE",166,"Sub-Saharan Africa",192,"Southern Sub-Saharan Africa","ZWE","ZWE",0,"2019-10-22 14:05:01",NA,"2019-10-22 14:05:01","2019-10-22 14:05:01","cathc19","INSERT","Zimbabwe","Republic of Zimbabwe"
561,22,200,199,"1,166,199,200",3,1,1,1029,"Benin","Benin","Benin",2,"admin0","BEN",166,"Sub-Saharan Africa",199,"Western Sub-Saharan Africa","BEN","BEN",0,"2019-10-22 14:05:01",NA,"2019-10-22 14:05:01","2019-10-22 14:05:01","cathc19","INSERT","Benin","Republic of Benin"
561,22,201,199,"1,166,199,201",3,1,1,1030,"Burkina Faso","Burkina Faso","Burkina Faso",2,"admin0","BFA",166,"Sub-Saharan Africa",199,"Western Sub-Saharan Africa","BFA","BFA",0,"2019-10-22 14:05:01",NA,"2019-10-22 14:05:01","2019-10-22 14:05:01","cathc19","INSERT","Burkina Faso","Burkina Faso"
561,22,203,199,"1,166,199,203",3,1,1,1031,"Cabo Verde","Cabo Verde","Cabo Verde",2,"admin0","CPV",166,"Sub-Saharan Africa",199,"Western Sub-Saharan Africa","CPV","CPV",0,"2019-10-22 14:05:01",NA,"2019-10-22 14:05:01","2019-10-22 14:05:01","cathc19","INSERT","Cape Verde","Republic of Cabo Verde"
561,22,202,199,"1,166,199,202",3,1,1,1032,"Cameroon","Cameroon","Cameroon",2,"admin0","CMR",166,"Sub-Saharan Africa",199,"Western Sub-Saharan Africa","CMR","CMR",0,"2019-10-22 14:05:01",NA,"2019-10-22 14:05:01","2019-10-22 14:05:01","cathc19","INSERT","Cameroon","Republic of Cameroon"
561,22,204,199,"1,166,199,204",3,1,1,1033,"Chad","Chad","Chad",2,"admin0","TCD",166,"Sub-Saharan Africa",199,"Western Sub-Saharan Africa","TCD","TCD",0,"2019-10-22 14:05:01",NA,"2019-10-22 14:05:01","2019-10-22 14:05:01","cathc19","INSERT","Chad","Republic of Chad"
561,22,205,199,"1,166,199,205",3,1,1,1034,"Côte d'Ivoire","Côte d'Ivoire","Côte d'Ivoire",2,"admin0","CIV",166,"Sub-Saharan Africa",199,"Western Sub-Saharan Africa","CIV","CIV",0,"2019-10-22 14:05:01",NA,"2019-10-22 14:05:01","2019-10-22 14:05:01","cathc19","INSERT","Côte d'Ivoire","Republic of Côte d'Ivoire"
561,22,206,199,"1,166,199,206",3,1,1,1035,"Gambia","Gambia","Gambia",2,"admin0","GMB",166,"Sub-Saharan Africa",199,"Western Sub-Saharan Africa","GMB","GMB",0,"2019-10-22 14:05:01",NA,"2019-10-22 14:05:01","2019-10-22 14:05:01","cathc19","INSERT","The Gambia","Republic of the Gambia"
561,22,207,199,"1,166,199,207",3,1,1,1036,"Ghana","Ghana","Ghana",2,"admin0","GHA",166,"Sub-Saharan Africa",199,"Western Sub-Saharan Africa","GHA","GHA",0,"2019-10-22 14:05:01",NA,"2019-10-22 14:05:01","2019-10-22 14:05:01","cathc19","INSERT","Ghana","Republic of Ghana"
561,22,208,199,"1,166,199,208",3,1,1,1037,"Guinea","Guinea","Guinea",2,"admin0","GIN",166,"Sub-Saharan Africa",199,"Western Sub-Saharan Africa","GIN","GIN",0,"2019-10-22 14:05:01",NA,"2019-10-22 14:05:01","2019-10-22 14:05:01","cathc19","INSERT","Guinea","Republic of Guinea"
561,22,209,199,"1,166,199,209",3,1,1,1038,"Guinea-Bissau","Guinea-Bissau","Guinea-Bissau",2,"admin0","GNB",166,"Sub-Saharan Africa",199,"Western Sub-Saharan Africa","GNB","GNB",0,"2019-10-22 14:05:01",NA,"2019-10-22 14:05:01","2019-10-22 14:05:01","cathc19","INSERT","Guinea-Bissau","Republic of Guinea-Bissau"
561,22,210,199,"1,166,199,210",3,1,1,1039,"Liberia","Liberia","Liberia",2,"admin0","LBR",166,"Sub-Saharan Africa",199,"Western Sub-Saharan Africa","LBR","LBR",0,"2019-10-22 14:05:01",NA,"2019-10-22 14:05:01","2019-10-22 14:05:01","cathc19","INSERT","Liberia","Republic of Liberia"
561,22,211,199,"1,166,199,211",3,1,1,1040,"Mali","Mali","Mali",2,"admin0","MLI",166,"Sub-Saharan Africa",199,"Western Sub-Saharan Africa","MLI","MLI",0,"2019-10-22 14:05:01",NA,"2019-10-22 14:05:01","2019-10-22 14:05:01","cathc19","INSERT","Mali","Republic of Mali"
561,22,212,199,"1,166,199,212",3,1,1,1041,"Mauritania","Mauritania","Mauritania",2,"admin0","MRT",166,"Sub-Saharan Africa",199,"Western Sub-Saharan Africa","MRT","MRT",0,"2019-10-22 14:05:01",NA,"2019-10-22 14:05:01","2019-10-22 14:05:01","cathc19","INSERT","Mauritania","Islamic Republic of Mauritania"
561,22,213,199,"1,166,199,213",3,1,1,1042,"Niger","Niger","Niger",2,"admin0","NER",166,"Sub-Saharan Africa",199,"Western Sub-Saharan Africa","NER","NER",0,"2019-10-22 14:05:01",NA,"2019-10-22 14:05:01","2019-10-22 14:05:01","cathc19","INSERT","Niger","Republic of the Niger"
561,22,214,199,"1,166,199,214",3,1,0,1043,"Nigeria","Nigeria","Nigeria",2,"admin0","NGA",166,"Sub-Saharan Africa",199,"Western Sub-Saharan Africa","NGA","NGA",0,"2019-10-22 14:05:01",NA,"2019-10-22 14:05:01","2019-10-22 14:05:01","cathc19","INSERT","Nigeria","Federal Republic of Nigeria"
561,22,215,199,"1,166,199,215",3,1,1,1081,"Sao Tome and Principe","Sao Tome and Principe","Sao Tome and Principe",2,"admin0","STP",166,"Sub-Saharan Africa",199,"Western Sub-Saharan Africa","STP","STP",0,"2019-10-22 14:05:01",NA,"2019-10-22 14:05:01","2019-10-22 14:05:01","cathc19","INSERT","São Tomé and PrÍncipe","Democratic Republic of Sao Tome and Principe"
561,22,216,199,"1,166,199,216",3,1,1,1082,"Senegal","Senegal","Senegal",2,"admin0","SEN",166,"Sub-Saharan Africa",199,"Western Sub-Saharan Africa","SEN","SEN",0,"2019-10-22 14:05:01",NA,"2019-10-22 14:05:01","2019-10-22 14:05:01","cathc19","INSERT","Senegal","Republic of Senegal"
561,22,217,199,"1,166,199,217",3,1,1,1083,"Sierra Leone","Sierra Leone","Sierra Leone",2,"admin0","SLE",166,"Sub-Saharan Africa",199,"Western Sub-Saharan Africa","SLE","SLE",0,"2019-10-22 14:05:01",NA,"2019-10-22 14:05:01","2019-10-22 14:05:01","cathc19","INSERT","Sierra Leone","Republic of Sierra Leone"
561,22,218,199,"1,166,199,218",3,1,1,1084,"Togo","Togo","Togo",2,"admin0","TGO",166,"Sub-Saharan Africa",199,"Western Sub-Saharan Africa","TGO","TGO",0,"2019-10-22 14:05:01",NA,"2019-10-22 14:05:01","2019-10-22 14:05:01","cathc19","INSERT","Togo","Togolese Republic"
